<?xml version="1.0" encoding="utf-8"?>
<!-- Copyright (C) 2010 The Android Open Source Project

     Licensed under the Apache License, Version 2.0 (the "License");
     you may not use this file except in compliance with the License.
     You may obtain a copy of the License at

          http://www.apache.org/licenses/LICENSE-2.0

     Unless required by applicable law or agreed to in writing, software
     distributed under the License is distributed on an "AS IS" BASIS,
     WITHOUT WARRANTIES OR CONDITIONS OF ANY KIND, either express or implied.
     See the License for the specific language governing permissions and
     limitations under the License.
-->

<selector xmlns:android="http://schemas.android.com/apk/res/android">
  <item android:state_pressed="true">
    <shape>
  <solid android:color="#ffeeeeef"/>
  <corners android:radius="10px"/>
  <stroke android:width="1.0dip" android:color="#ffe0e0e0" />
  <!--描边-->
  <padding android:left="3dip" android:top="1dip" android:right="3dip" android:bottom="1dip"/>
</shape>
    </item>
    <item>
      <shape>
  <solid android:color="#ffffffff"/>
  <corners android:radius="10px"/>
  <stroke android:width="1.0dip" android:color="#ffe0e0e0" />
  <!--描边-->
  <padding android:left="3dip" android:top="1dip" android:right="3dip" android:bottom="1dip"/>
</shape>
    </item>
    <!--<item android:state_window_focused="false" android:state_enabled="true"
        android:drawable="@drawable/apptheme_btn_default_normal_holo_light" />
    <item android:state_window_focused="false" android:state_enabled="false"
        android:drawable="@drawable/apptheme_btn_default_disabled_holo_light" />
     <item android:state_pressed="true"
        android:drawable="@drawable/apptheme_btn_default_pressed_holo_light" />
    <item android:state_focused="true" android:state_enabled="true"
        android:drawable="@drawable/apptheme_btn_default_focused_holo_light" />
    <item android:state_enabled="true"
        android:drawable="@drawable/apptheme_btn_default_normal_holo_light" />
    <item android:state_focused="true"
        android:drawable="@drawable/apptheme_btn_default_disabled_focused_holo_light" />
    <item
         android:drawable="@drawable/apptheme_btn_default_disabled_holo_light" /> -->
</selector>