﻿<?xml version="1.0" encoding="utf-8" ?>
<selector xmlns:android="http://schemas.android.com/apk/res/android">
  <item android:state_pressed="true" >
    <shape>
      <solid
          android:color="#ef4444" />
      <stroke
          android:width="1dp"
          android:color="#992f2f" />
      <corners
          android:radius="6dp" />
      <padding
          android:left="10dp"
          android:top="10dp"
          android:right="10dp"
          android:bottom="10dp" />
    </shape>
  </item>
  <item>
    <shape 
        android:shape="oval">
        <solid android:color="#ef4444"/>
        <stroke android:width="2sp" android:color="#992f2f" />
    </shape>
    <!--<shape>
      <gradient
          android:startColor="#ef4444"
          android:endColor="#992f2f"
          android:angle="270" />
      <stroke
          android:width="1dp"
          android:color="#992f2f" />
      <corners
          android:radius="6dp" />
      <padding
          android:left="10dp"
          android:top="10dp"
          android:right="10dp"
          android:bottom="10dp" />
    </shape>-->
  </item>
</selector>